{
  "project_info": {
    "project_number": "57864381296",
    "project_id": "doctor-appointment-syste-a14c5",
    "storage_bucket": "doctor-appointment-syste-a14c5.firebasestorage.app"
  },
  "client": [
    {
      "client_info": {
        "mobilesdk_app_id": "1:57864381296:android:df2b826249204e0edfe5b5",
        "android_client_info": {
          "package_name": "com.example.myap"
        }
      },
      "oauth_client": [],
      "api_key": [
        {
          "current_key": "AIzaSyCMQ14LOov-UsLvXzvjuYQDOU7d545vbeY"
        }
      ],
      "services": {
        "appinvite_service": {
          "other_platform_oauth_client": []
        }
      }
    }
  ],
  "configuration_version": "1"
}